id,first_name,last_name,email,country,city,credit_card
1,Betta,Tott,btott0@sina.com.cn,Peru,Ancahuasi,3575223770398961
2,Dani,Hoys,dhoys1@com.com,Ivory Coast,Adzopé,3574371252777193
3,Chandra,Mosedall,cmosedall2@sakura.ne.jp,Bolivia,Portachuelo,5100177249109277
4,Rahal,Greer,rgreer3@cornell.edu,Colombia,Líbano,3574994290818552
5,Corny,Borland,cborland4@plala.or.jp,Vietnam,Thanh Xuân,3532948110152684
6,Lon,Camellini,lcamellini5@usatoday.com,Ethiopia,Hawassa,3553412476963568
7,Siffre,Jarratt,sjarratt6@i2i.jp,Guatemala,San Juan Ixcoy,491190309353373109
8,Kriste,Fullerd,kfullerd7@gravatar.com,Argentina,Veinticinco de Mayo,3550472215146654
9,Remy,Lassell,rlassell8@cornell.edu,Brazil,Paranaguá,56022317568808731
10,Aluin,Berkery,aberkery9@shareasale.com,United States,Chicago,5477131105425900
11,Early,Hulle,ehullea@cpanel.net,Angola,Catumbela,3573027862880501
12,Lynn,Streak,lstreakb@cdbaby.com,Portugal,Ínfias,5602233289922252
13,Berta,Emons,bemonsc@examiner.com,China,Hongjiang,3530149376354310
14,Harlen,Duddan,hduddand@lycos.com,Poland,Dębno,201594164472788
15,Tammi,Laxen,tlaxene@ibm.com,Brazil,Novo Cruzeiro,5539334326943984
16,Kenn,Strotone,kstrotonef@mail.ru,Russia,Kosaya Gora,4017950731081625
17,Valentine,Havik,vhavikg@mozilla.com,Poland,Sośnicowice,5108754352843876
18,Yves,Cheavin,ycheavinh@yahoo.co.jp,Greece,Skotoússa,30591693264741
19,Manuel,Jikovsky,mjikovskyi@ovh.net,Thailand,Na Yong,6389900254821282
20,Randee,Chesman,rchesmanj@webeden.co.uk,Costa Rica,Salitral,374288570893130
21,Antoine,Spat,aspatk@taobao.com,Russia,Volokonovka,3583699119871786
22,Walton,Espinet,wespinetl@comsenz.com,China,Longzhou,3556556965879433
23,Lyndell,Kretschmer,lkretschmerm@youku.com,Chile,Lo Prado,63043244990356553
24,Allianora,Daouze,adaouzen@nbcnews.com,Armenia,Kapan,5048370699151544
25,Steffi,Crosland,scroslando@marriott.com,Norway,Halden,370406983165573
