id,first_name,last_name,email,gender,ip_address
1,Rickard,Hawkswood,rhawkswood0@cbc.ca,Male,113.30.44.18
2,Gavin,Dailly,gdailly1@wordpress.com,Male,23.131.157.77
3,Phillipe,Langsdon,plangsdon2@mit.edu,Male,115.15.99.238
4,Shea,Rominov,srominov3@businessweek.com,Male,0.244.8.126
5,Eddy,Byron,ebyron4@php.net,Female,14.75.135.250
6,Ellynn,Colton,ecolton5@google.com.au,Female,75.26.134.86
7,Rivkah,Ysson,rysson6@nih.gov,Female,199.144.47.196
8,Hyacinthe,Hammerstone,hhammerstone7@msu.edu,Female,18.140.189.245
9,Martynne,Farlow,mfarlow8@seesaa.net,Female,163.170.87.35
10,Mikey,Ketch,mketch9@mlb.com,Male,128.241.147.130
11,Dionis,Eastmond,deastmonda@exblog.jp,Female,77.139.229.155
12,Chadd,McAllister,cmcallisterb@hostgator.com,Male,218.135.201.207
13,Sherline,Creyke,screykec@yellowpages.com,Female,130.151.156.110
14,Hogan,Coronas,hcoronasd@wikia.com,Male,200.255.51.139
15,Ariella,Catley,acatleye@e-recht24.de,Female,103.41.17.213
16,Hendrik,Goodlatt,hgoodlattf@wikia.com,Male,35.222.242.216
17,Donny,Stanier,dstanierg@paypal.com,Male,167.197.250.243
18,Nathan,Ovey,noveyh@nbcnews.com,Male,75.249.242.207
19,Miller,Hartegan,mhartegani@bravesites.com,Male,185.41.85.22
20,Cory,Westcarr,cwestcarrj@constantcontact.com,Male,59.26.77.247
21,Jasmin,Orbell,jorbellk@live.com,Female,198.20.163.26
22,Lorinda,Kidney,lkidneyl@businessweek.com,Female,208.66.231.242
23,Tiffi,Rown,trownm@weibo.com,Female,103.6.126.94
24,Binnie,Ruoff,bruoffn@furl.net,Female,60.206.126.13
25,Carmon,Frostick,cfrosticko@woothemes.com,Female,209.5.192.69
